TP_reward,accuracy,correct TB,total TB,correct no TB,total no TB,TB prediction rate,No TB prediction rate,accuracy_stdev,correct TB_stdev,total TB_stdev,correct no TB_stdev,total no TB_stdev,TB prediction rate_stdev,No TB prediction rate_stdev
63.1,0.7874386042079026,86.1,233.0,10655.35,13408.0,0.36952789699570815,0.7947009248210023,0.24169865707501037,47.55407448368647,0.0,3344.255586449696,0.0,0.2040947402733325,0.24942240352399284
63.2,0.796646140312294,85.15,233.0,10781.9,13408.0,0.365450643776824,0.8041393198090692,0.24763153449200045,47.793592666800016,0.0,3425.342711321014,0.0,0.20512271530815454,0.25547007095174634
63.3,0.7976687926105124,85.9,233.0,10795.1,13408.0,0.36866952789699564,0.8051238066825777,0.24865849500034007,49.24621812890813,0.0,3440.8688277817278,0.0,0.21135715935153704,0.2566280450314534
63.4,0.6803020306429148,106.5,233.0,9173.5,13408.0,0.4570815450643776,0.6841810859188545,0.32113728370622496,62.708452380839375,0.0,4443.018720419711,0.0,0.2691349887589673,0.33137072795493067
63.5,0.8160985265009897,80.6,233.0,11051.8,13408.0,0.3459227467811159,0.8242690930787588,0.19686500686994812,36.65842331579469,0.0,2721.68952307202,0.0,0.1573322889089901,0.20298997039618288
63.6,0.681911150208929,107.25,233.0,9194.7,13408.0,0.4603004291845494,0.6857622315035797,0.3017043273819518,61.01546934999353,0.0,4176.337834754272,0.0,0.2618689671673542,0.311481043761506
63.7,0.6154057620409061,119.6,233.0,8275.15,13408.0,0.513304721030043,0.6171800417661097,0.340210547816212,64.77376011935698,0.0,4705.3336999090725,0.0,0.27799897046934324,0.35093479265431626
63.8,0.6068506707719377,121.85,233.0,8156.2,13408.0,0.5229613733905579,0.6083084725536992,0.3412611914560439,68.00461381406411,0.0,4722.961852481978,0.0,0.2918652953393309,0.3522495415037275
63.9,0.5755259878308041,128.0,233.0,7722.75,13408.0,0.5493562231759658,0.5759807577565632,0.3593332511656591,70.8611318001625,0.0,4972.377669435418,0.0,0.3041250291852467,0.370851556491305
