nothing,accuracy,correct TB,total TB,correct no TB,total no TB,TB prediction rate,No TB prediction rate,accuracy_stdev,correct TB_stdev,total TB_stdev,correct no TB_stdev,total no TB_stdev,TB prediction rate_stdev,No TB prediction rate_stdev
0.0,0.5199679403621682,361.85,569.35,225.85,560.7,0.6347252001978214,0.4032860144556409,0.022509480374342798,244.65532387422107,10.57012298887766,233.1101188279908,9.284934033152844,0.4296552975655155,0.4172547090757409
