TP_reward,TPR,FPR,TPR_stdev,FPR_stdev
30.0,0.5206008583690988,0.3764991050119332,0.3524519858481154,0.4575271192997568
35.0,0.7111587982832619,0.6183286097852028,0.3543440274764744,0.46745130454485856
40.0,0.5789699570815451,0.4332637231503581,0.34506250933664545,0.46274251375586956
45.0,0.5688841201716737,0.39549895584725536,0.3174239033031095,0.4436162654366669
75.0,0.834334763948498,0.7246569212410502,0.15255322395477866,0.2505526719141277
80.0,0.8663090128755366,0.7536918257756561,0.08181877488220964,0.14661889031923156
85.0,0.9010729613733904,0.8205287887828165,0.07617844403330228,0.13310112076089473
90.0,0.9218884120171674,0.8486276849642003,0.05122601224502413,0.09368380007967002
