nothing,accuracy,correct TB,total TB,correct no TB,total no TB,TB prediction rate,No TB prediction rate,accuracy_stdev,correct TB_stdev,total TB_stdev,correct no TB_stdev,total no TB_stdev,TB prediction rate_stdev,No TB prediction rate_stdev
0.0,0.502268107496975,99.55,236.65,150.85,261.7,0.4226499444281592,0.5799397751228865,0.03127190187401985,110.78514115169055,10.57012298887766,122.86548538951044,14.38784208976454,0.47011708482401093,0.4715846055690914
