nothing,accuracy,correct TB,total TB,correct no TB,total no TB,TB prediction rate,No TB prediction rate,accuracy_stdev,correct TB_stdev,total TB_stdev,correct no TB_stdev,total no TB_stdev,TB prediction rate_stdev,No TB prediction rate_stdev
0.0,0.49784487345317413,117.2,236.65,121.65,243.0,0.49438153690440173,0.505417497774977,0.023960806088255973,108.15895709556376,10.57012298887766,110.9658843969623,13.575713609236164,0.4537957465592133,0.45886378428689695
