nothing,accuracy,correct TB,total TB,correct no TB,total no TB,TB prediction rate,No TB prediction rate,accuracy_stdev,correct TB_stdev,total TB_stdev,correct no TB_stdev,total no TB_stdev,TB prediction rate_stdev,No TB prediction rate_stdev
0.0,0.5035513084659113,283.75,569.35,286.45,563.0,0.4986844414085406,0.5067175204535499,0.009246566311353841,257.2350821719308,10.57012298887766,257.5143636770578,13.575713609236164,0.45236546228847235,0.4554632520720578
