TP_reward,accuracy,correct TB,total TB,correct no TB,total no TB,TB prediction rate,No TB prediction rate,accuracy_stdev,correct TB_stdev,total TB_stdev,correct no TB_stdev,total no TB_stdev,TB prediction rate_stdev,No TB prediction rate_stdev
50.0,0.5866615350780734,137.65,233.0,7865.0,13408.0,0.5907725321888411,0.5865900954653938,0.41801921957883137,70.32302254596286,0.0,5772.242042742144,0.0,0.3018155474075659,0.4305073122570215
55.0,0.5544095007697383,147.9,233.0,7414.8,13408.0,0.6347639484978541,0.5530131264916468,0.3947062613129308,62.89348137923357,0.0,5446.789335011957,0.0,0.2699291046319037,0.406234288112467
60.0,0.5740708159225862,147.55,233.0,7683.35,13408.0,0.6332618025751072,0.5730422136038186,0.3226871308657963,50.23691371889798,0.0,4451.592998860071,0.0,0.21560907175492697,0.332010217695411
65.0,0.5019243457224543,162.1,233.0,6684.65,13408.0,0.6957081545064379,0.49855683174224347,0.2817247620776276,41.8197321846996,0.0,3884.4812044209975,0.0,0.17948382911888242,0.2897136936471507
70.0,0.3800234586907119,181.8,233.0,5002.1,13408.0,0.7802575107296138,0.37306831742243435,0.2682452705018662,38.11377703665696,0.0,3697.0468877199814,0.0,0.16357844221741188,0.27573440391706305
