nothing,correctness,correctness_stdev
0.0,0.9833206386406912,0.00030965645199583665
