nothing,correctness,correctness_stdev
0.0,0.9838243335611757,0.000722496444899356
