nothing,accuracy,correct TB,total TB,correct no TB,total no TB,TB prediction rate,No TB prediction rate,accuracy_stdev,correct TB_stdev,total TB_stdev,correct no TB_stdev,total no TB_stdev,TB prediction rate_stdev,No TB prediction rate_stdev
0.0,0.5069542921151623,245.2,569.35,352.85,610.3,0.42985104365463594,0.5766266157085639,0.01928317769540064,266.3577669226111,10.57012298887766,287.10107540725096,14.38784208976454,0.46633773936180684,0.46830159985215103
