nothing,correctness,correctness_stdev
0.0,0.983501754726665,0.00017098768659614032
