TP_reward,accuracy,correct TB,total TB,correct no TB,total no TB,TB prediction rate,No TB prediction rate,accuracy_stdev,correct TB_stdev,total TB_stdev,correct no TB_stdev,total no TB_stdev,TB prediction rate_stdev,No TB prediction rate_stdev
50.0,0.5881504524886878,327.0,541.0,18390.3,31283.0,0.6044362292051755,0.5878688105360739,0.419199265908462,157.19541978060303,0.0,13497.67866005114,0.0,0.29056454672939563,0.4314700847121805
55.0,0.5563002765208649,348.0,541.0,17355.7,31283.0,0.643253234750462,0.5547965348591887,0.3962020728513964,142.3031974342109,0.0,12750.698393029299,0.0,0.2630373335197983,0.40759193149727646
60.0,0.576454876822524,351.85,541.0,17993.25,31283.0,0.650369685767098,0.575176613496148,0.3241584113666346,110.10007947317749,0.0,10425.741205664948,0.0,0.20351216168794362,0.33327178357782017
65.0,0.5029851684263451,384.25,541.0,15622.75,31283.0,0.7102587800369685,0.4994006329316242,0.28237763699796964,91.47233188237851,0.0,9077.616779061562,0.0,0.1690800959008845,0.29017730969093636
70.0,0.38056026897938666,426.7,541.0,11684.25,31283.0,0.7887245841035122,0.3735015823290605,0.2686753524910641,84.67414009011252,0.0,8634.901811109377,0.0,0.1565141221628697,0.2760253751593318
