nothing,accuracy,correct TB,total TB,correct no TB,total no TB,TB prediction rate,No TB prediction rate,accuracy_stdev,correct TB_stdev,total TB_stdev,correct no TB_stdev,total no TB_stdev,TB prediction rate_stdev,No TB prediction rate_stdev
0.0,0.5163683654351552,149.5,236.65,99.15,245.3,0.6340573110694353,0.4030770102049125,0.024449373115937367,102.13936557468918,10.57012298887766,103.71657292834159,9.284934033152847,0.4301972387260726,0.4192830989564141
