nothing,correctness,correctness_stdev
0.0,0.9834406809832827,0.0003989666568835436
